,date,open,high,low,close,volume,average,barCount
0,2021-01-19 06:15:00,0.979405,0.97978,0.97875,0.97927,-1,-1.0,-1
1,2021-01-19 07:00:00,0.97927,0.97995,0.979245,0.9798,-1,-1.0,-1
2,2021-01-19 08:00:00,0.9798,0.981125,0.979765,0.98052,-1,-1.0,-1
3,2021-01-19 09:00:00,0.98052,0.98128,0.980165,0.980875,-1,-1.0,-1
4,2021-01-19 10:00:00,0.980875,0.98168,0.98082,0.98141,-1,-1.0,-1
5,2021-01-19 11:00:00,0.98141,0.98198,0.98088,0.981375,-1,-1.0,-1
6,2021-01-19 12:00:00,0.981375,0.981865,0.981035,0.98174,-1,-1.0,-1
7,2021-01-19 13:00:00,0.98174,0.98178,0.98071,0.981295,-1,-1.0,-1
8,2021-01-19 14:00:00,0.981295,0.981595,0.980995,0.98143,-1,-1.0,-1
9,2021-01-19 15:00:00,0.98143,0.982515,0.98114,0.98237,-1,-1.0,-1
10,2021-01-19 16:00:00,0.98237,0.98335,0.981605,0.98182,-1,-1.0,-1
11,2021-01-19 17:00:00,0.98182,0.98184,0.980715,0.98143,-1,-1.0,-1
12,2021-01-19 18:00:00,0.98143,0.981905,0.980445,0.980645,-1,-1.0,-1
13,2021-01-19 19:00:00,0.980645,0.981805,0.980635,0.981775,-1,-1.0,-1
14,2021-01-19 20:00:00,0.981775,0.98218,0.981355,0.98179,-1,-1.0,-1
15,2021-01-19 21:00:00,0.98179,0.98282,0.98163,0.98255,-1,-1.0,-1
16,2021-01-19 22:00:00,0.98255,0.98318,0.98233,0.98267,-1,-1.0,-1
17,2021-01-19 23:00:00,0.98267,0.98322,0.98049,0.981175,-1,-1.0,-1
18,2021-01-20 00:00:00,0.981175,0.98156,0.979365,0.979835,-1,-1.0,-1
19,2021-01-20 01:00:00,0.979835,0.98025,0.97915,0.98018,-1,-1.0,-1
20,2021-01-20 02:00:00,0.98018,0.98033,0.97966,0.97981,-1,-1.0,-1
21,2021-01-20 03:00:00,0.97981,0.979985,0.97907,0.979625,-1,-1.0,-1
22,2021-01-20 04:00:00,0.979625,0.980175,0.97918,0.98009,-1,-1.0,-1
23,2021-01-20 05:00:00,0.98009,0.9804,0.979665,0.980025,-1,-1.0,-1
24,2021-01-20 06:15:00,0.98005,0.980465,0.979235,0.979785,-1,-1.0,-1
25,2021-01-20 07:00:00,0.979785,0.981355,0.979615,0.98129,-1,-1.0,-1
26,2021-01-20 08:00:00,0.98129,0.981475,0.980645,0.98098,-1,-1.0,-1
27,2021-01-20 09:00:00,0.98098,0.981175,0.98033,0.98081,-1,-1.0,-1
28,2021-01-20 10:00:00,0.98081,0.981675,0.980805,0.98141,-1,-1.0,-1
29,2021-01-20 11:00:00,0.98141,0.981615,0.980875,0.9812,-1,-1.0,-1
30,2021-01-20 12:00:00,0.9812,0.981495,0.980905,0.98139,-1,-1.0,-1
31,2021-01-20 13:00:00,0.98139,0.982055,0.98138,0.981625,-1,-1.0,-1
32,2021-01-20 14:00:00,0.981625,0.982645,0.98148,0.982225,-1,-1.0,-1
33,2021-01-20 15:00:00,0.982225,0.982825,0.9818,0.98226,-1,-1.0,-1
34,2021-01-20 16:00:00,0.98226,0.98269,0.981615,0.981995,-1,-1.0,-1
35,2021-01-20 17:00:00,0.981995,0.98203,0.980925,0.981715,-1,-1.0,-1
36,2021-01-20 18:00:00,0.981715,0.982255,0.98141,0.98174,-1,-1.0,-1
37,2021-01-20 19:00:00,0.98174,0.98194,0.9811,0.981375,-1,-1.0,-1
38,2021-01-20 20:00:00,0.981375,0.98226,0.981235,0.982015,-1,-1.0,-1
39,2021-01-20 21:00:00,0.982015,0.9822,0.98089,0.981975,-1,-1.0,-1
40,2021-01-20 22:00:00,0.981975,0.982545,0.980965,0.981485,-1,-1.0,-1
41,2021-01-20 23:00:00,0.981485,0.981485,0.97765,0.97789,-1,-1.0,-1
42,2021-01-21 00:00:00,0.97789,0.979295,0.97737,0.97913,-1,-1.0,-1
43,2021-01-21 01:00:00,0.97913,0.979395,0.978215,0.97873,-1,-1.0,-1
44,2021-01-21 02:00:00,0.97873,0.979185,0.978475,0.978825,-1,-1.0,-1
45,2021-01-21 03:00:00,0.978825,0.97948,0.97846,0.979285,-1,-1.0,-1
46,2021-01-21 04:00:00,0.979285,0.979795,0.97907,0.979615,-1,-1.0,-1
47,2021-01-21 05:00:00,0.979615,0.97962,0.97842,0.9787,-1,-1.0,-1
48,2021-01-21 06:15:00,0.9792,0.9792,0.9784,0.978955,-1,-1.0,-1
49,2021-01-21 07:00:00,0.978955,0.979775,0.97863,0.979345,-1,-1.0,-1
50,2021-01-21 08:00:00,0.979345,0.979475,0.97847,0.979115,-1,-1.0,-1
51,2021-01-21 09:00:00,0.979115,0.98043,0.978835,0.9801,-1,-1.0,-1
52,2021-01-21 10:00:00,0.9801,0.980825,0.98001,0.98052,-1,-1.0,-1
53,2021-01-21 11:00:00,0.98052,0.981025,0.98025,0.980905,-1,-1.0,-1
54,2021-01-21 12:00:00,0.980905,0.980925,0.98018,0.980415,-1,-1.0,-1
55,2021-01-21 13:00:00,0.980415,0.980945,0.980275,0.980795,-1,-1.0,-1
56,2021-01-21 14:00:00,0.980795,0.980825,0.98007,0.980375,-1,-1.0,-1
57,2021-01-21 15:00:00,0.980375,0.980845,0.97971,0.979835,-1,-1.0,-1
58,2021-01-21 16:00:00,0.979835,0.980375,0.979225,0.979835,-1,-1.0,-1
59,2021-01-21 17:00:00,0.979835,0.981095,0.979825,0.98073,-1,-1.0,-1
60,2021-01-21 18:00:00,0.98073,0.981375,0.98072,0.981065,-1,-1.0,-1
61,2021-01-21 19:00:00,0.981065,0.98133,0.980725,0.980805,-1,-1.0,-1
62,2021-01-21 20:00:00,0.980805,0.982085,0.98075,0.98147,-1,-1.0,-1
63,2021-01-21 21:00:00,0.98147,0.98192,0.978895,0.97897,-1,-1.0,-1
64,2021-01-21 22:00:00,0.97897,0.979785,0.978655,0.979015,-1,-1.0,-1
65,2021-01-21 23:00:00,0.979015,0.98054,0.97889,0.97989,-1,-1.0,-1
66,2021-01-22 00:00:00,0.97989,0.980675,0.97931,0.97964,-1,-1.0,-1
67,2021-01-22 01:00:00,0.97964,0.979715,0.978965,0.979565,-1,-1.0,-1
68,2021-01-22 02:00:00,0.979565,0.979915,0.97921,0.979715,-1,-1.0,-1
69,2021-01-22 03:00:00,0.979715,0.980495,0.979505,0.980095,-1,-1.0,-1
70,2021-01-22 04:00:00,0.980095,0.98088,0.979565,0.980715,-1,-1.0,-1
71,2021-01-22 05:00:00,0.980715,0.981645,0.980255,0.981295,-1,-1.0,-1
72,2021-01-22 06:15:00,0.981365,0.98197,0.980935,0.981305,-1,-1.0,-1
73,2021-01-22 07:00:00,0.981305,0.981805,0.98109,0.981565,-1,-1.0,-1
74,2021-01-22 08:00:00,0.981565,0.982335,0.98145,0.981695,-1,-1.0,-1
75,2021-01-22 09:00:00,0.981695,0.981975,0.98088,0.98125,-1,-1.0,-1
76,2021-01-22 10:00:00,0.98125,0.98159,0.980795,0.980975,-1,-1.0,-1
77,2021-01-22 11:00:00,0.980975,0.98133,0.980595,0.98106,-1,-1.0,-1
78,2021-01-22 12:00:00,0.98106,0.981615,0.9807,0.98137,-1,-1.0,-1
79,2021-01-22 13:00:00,0.98137,0.981735,0.98117,0.98155,-1,-1.0,-1
80,2021-01-22 14:00:00,0.98155,0.981585,0.98044,0.98054,-1,-1.0,-1
81,2021-01-22 15:00:00,0.98054,0.98058,0.97991,0.98039,-1,-1.0,-1
82,2021-01-22 16:00:00,0.98039,0.98129,0.980125,0.981185,-1,-1.0,-1
83,2021-01-22 17:00:00,0.981185,0.98147,0.98015,0.98078,-1,-1.0,-1
84,2021-01-22 18:00:00,0.98078,0.980965,0.97979,0.979955,-1,-1.0,-1
85,2021-01-22 19:00:00,0.979955,0.980535,0.97906,0.97948,-1,-1.0,-1
86,2021-01-22 20:00:00,0.97948,0.98001,0.979255,0.97983,-1,-1.0,-1
87,2021-01-22 21:00:00,0.97983,0.980345,0.978785,0.978985,-1,-1.0,-1
88,2021-01-22 22:00:00,0.978985,0.98078,0.978575,0.98042,-1,-1.0,-1
89,2021-01-22 23:00:00,0.98042,0.982005,0.979795,0.981705,-1,-1.0,-1
90,2021-01-23 00:00:00,0.981705,0.982565,0.981175,0.982355,-1,-1.0,-1
91,2021-01-23 01:00:00,0.982355,0.982425,0.981775,0.982155,-1,-1.0,-1
92,2021-01-23 02:00:00,0.982155,0.9829,0.981875,0.981915,-1,-1.0,-1
93,2021-01-23 03:00:00,0.981915,0.98234,0.98172,0.98231,-1,-1.0,-1
94,2021-01-23 04:00:00,0.98231,0.98231,0.98136,0.981815,-1,-1.0,-1
95,2021-01-23 05:00:00,0.981815,0.98269,0.9813,0.98245,-1,-1.0,-1
96,2021-01-25 06:15:00,0.9816,0.98203,0.980175,0.98129,-1,-1.0,-1
97,2021-01-25 07:00:00,0.98129,0.98239,0.981165,0.98166,-1,-1.0,-1
98,2021-01-25 08:00:00,0.98166,0.98245,0.98159,0.981825,-1,-1.0,-1
99,2021-01-25 09:00:00,0.981825,0.98199,0.981215,0.98164,-1,-1.0,-1
100,2021-01-25 10:00:00,0.98164,0.98259,0.98157,0.982375,-1,-1.0,-1
101,2021-01-25 11:00:00,0.982375,0.98267,0.982225,0.98248,-1,-1.0,-1
102,2021-01-25 12:00:00,0.98248,0.98312,0.98244,0.98284,-1,-1.0,-1
103,2021-01-25 13:00:00,0.98284,0.98314,0.98263,0.982885,-1,-1.0,-1
104,2021-01-25 14:00:00,0.982885,0.983165,0.98212,0.982345,-1,-1.0,-1
105,2021-01-25 15:00:00,0.982345,0.982585,0.98182,0.98216,-1,-1.0,-1
106,2021-01-25 16:00:00,0.98216,0.98257,0.981565,0.98224,-1,-1.0,-1
107,2021-01-25 17:00:00,0.98224,0.98242,0.981505,0.981895,-1,-1.0,-1
108,2021-01-25 18:00:00,0.981895,0.98227,0.98154,0.98226,-1,-1.0,-1
109,2021-01-25 19:00:00,0.98226,0.9823,0.981465,0.98202,-1,-1.0,-1
110,2021-01-25 20:00:00,0.98202,0.983005,0.981845,0.98285,-1,-1.0,-1
111,2021-01-25 21:00:00,0.98285,0.98334,0.9821,0.98293,-1,-1.0,-1
112,2021-01-25 22:00:00,0.98293,0.983255,0.98162,0.982195,-1,-1.0,-1
113,2021-01-25 23:00:00,0.982195,0.982975,0.98145,0.98222,-1,-1.0,-1
114,2021-01-26 00:00:00,0.98222,0.982365,0.98124,0.98195,-1,-1.0,-1
115,2021-01-26 01:00:00,0.98195,0.982175,0.981635,0.982,-1,-1.0,-1
116,2021-01-26 02:00:00,0.982,0.982425,0.98179,0.982335,-1,-1.0,-1
117,2021-01-26 03:00:00,0.982335,0.982565,0.98199,0.982185,-1,-1.0,-1
118,2021-01-26 04:00:00,0.982185,0.982775,0.982035,0.98272,-1,-1.0,-1
119,2021-01-26 05:00:00,0.98272,0.983,0.982275,0.98265,-1,-1.0,-1
120,2021-01-26 06:15:00,0.9829,0.98305,0.982395,0.98272,-1,-1.0,-1
121,2021-01-26 07:00:00,0.98272,0.983365,0.98244,0.98274,-1,-1.0,-1
122,2021-01-26 08:00:00,0.98274,0.98274,0.981865,0.981975,-1,-1.0,-1
123,2021-01-26 09:00:00,0.981975,0.983035,0.981955,0.98289,-1,-1.0,-1
124,2021-01-26 10:00:00,0.98289,0.98313,0.982285,0.982365,-1,-1.0,-1
125,2021-01-26 11:00:00,0.982365,0.982605,0.98153,0.981945,-1,-1.0,-1
126,2021-01-26 12:00:00,0.981945,0.98207,0.981265,0.98158,-1,-1.0,-1
127,2021-01-26 13:00:00,0.98158,0.981695,0.98124,0.98141,-1,-1.0,-1
128,2021-01-26 14:00:00,0.98141,0.981605,0.98089,0.98138,-1,-1.0,-1
129,2021-01-26 15:00:00,0.98138,0.981815,0.98014,0.980525,-1,-1.0,-1
130,2021-01-26 16:00:00,0.980525,0.981335,0.980445,0.980975,-1,-1.0,-1
131,2021-01-26 17:00:00,0.980975,0.981685,0.980705,0.98104,-1,-1.0,-1
132,2021-01-26 18:00:00,0.98104,0.98181,0.98086,0.98177,-1,-1.0,-1
133,2021-01-26 19:00:00,0.98177,0.98241,0.981665,0.981825,-1,-1.0,-1
134,2021-01-26 20:00:00,0.981825,0.98348,0.981785,0.98314,-1,-1.0,-1
135,2021-01-26 21:00:00,0.98314,0.983585,0.982795,0.98323,-1,-1.0,-1
136,2021-01-26 22:00:00,0.98323,0.98426,0.98257,0.98402,-1,-1.0,-1
137,2021-01-26 23:00:00,0.98402,0.98513,0.98394,0.98425,-1,-1.0,-1
138,2021-01-27 00:00:00,0.98425,0.984445,0.98316,0.98339,-1,-1.0,-1
139,2021-01-27 01:00:00,0.98339,0.983625,0.98312,0.983415,-1,-1.0,-1
140,2021-01-27 02:00:00,0.983415,0.983655,0.983225,0.98349,-1,-1.0,-1
141,2021-01-27 03:00:00,0.98349,0.984155,0.98337,0.983465,-1,-1.0,-1
142,2021-01-27 04:00:00,0.983465,0.983805,0.98346,0.98367,-1,-1.0,-1
143,2021-01-27 05:00:00,0.98367,0.984105,0.983275,0.9834,-1,-1.0,-1
144,2021-01-27 06:15:00,0.983225,0.98346,0.98282,0.98312,-1,-1.0,-1
145,2021-01-27 07:00:00,0.98312,0.98418,0.98312,0.98413,-1,-1.0,-1
146,2021-01-27 08:00:00,0.98413,0.9849,0.983885,0.984435,-1,-1.0,-1
147,2021-01-27 09:00:00,0.984435,0.98465,0.9835,0.984055,-1,-1.0,-1
148,2021-01-27 10:00:00,0.984055,0.98406,0.98348,0.98372,-1,-1.0,-1
149,2021-01-27 11:00:00,0.98372,0.984225,0.98351,0.98412,-1,-1.0,-1
150,2021-01-27 12:00:00,0.98412,0.9842,0.983465,0.98406,-1,-1.0,-1
151,2021-01-27 13:00:00,0.98406,0.984665,0.98388,0.984555,-1,-1.0,-1
152,2021-01-27 14:00:00,0.984555,0.984665,0.98376,0.983955,-1,-1.0,-1
153,2021-01-27 15:00:00,0.983955,0.98453,0.983875,0.984395,-1,-1.0,-1
154,2021-01-27 16:00:00,0.984395,0.984695,0.98349,0.98354,-1,-1.0,-1
155,2021-01-27 17:00:00,0.98354,0.98368,0.98306,0.983195,-1,-1.0,-1
156,2021-01-27 18:00:00,0.983195,0.98354,0.982875,0.983155,-1,-1.0,-1
157,2021-01-27 19:00:00,0.983155,0.983155,0.9817,0.9821,-1,-1.0,-1
158,2021-01-27 20:00:00,0.9821,0.98237,0.98108,0.981435,-1,-1.0,-1
159,2021-01-27 21:00:00,0.981435,0.98183,0.980785,0.981395,-1,-1.0,-1
160,2021-01-27 22:00:00,0.981395,0.98242,0.980095,0.980395,-1,-1.0,-1
161,2021-01-27 23:00:00,0.980395,0.982135,0.98033,0.981995,-1,-1.0,-1
162,2021-01-28 00:00:00,0.981995,0.98228,0.981285,0.981635,-1,-1.0,-1
163,2021-01-28 01:00:00,0.981635,0.982395,0.98123,0.982135,-1,-1.0,-1
164,2021-01-28 02:00:00,0.982135,0.982365,0.98129,0.981635,-1,-1.0,-1
165,2021-01-28 03:00:00,0.981635,0.981895,0.9805,0.980615,-1,-1.0,-1
166,2021-01-28 04:00:00,0.980615,0.980875,0.979815,0.980715,-1,-1.0,-1
167,2021-01-28 05:00:00,0.980715,0.9813,0.979915,0.98097,-1,-1.0,-1
168,2021-01-28 06:15:00,0.9806,0.98128,0.980245,0.980955,-1,-1.0,-1
169,2021-01-28 07:00:00,0.980955,0.98117,0.979555,0.980405,-1,-1.0,-1
170,2021-01-28 08:00:00,0.980405,0.98088,0.97799,0.978135,-1,-1.0,-1
171,2021-01-28 09:00:00,0.978135,0.98002,0.97811,0.97975,-1,-1.0,-1
172,2021-01-28 10:00:00,0.97975,0.97998,0.97877,0.979005,-1,-1.0,-1
173,2021-01-28 11:00:00,0.979005,0.97904,0.978185,0.978295,-1,-1.0,-1
174,2021-01-28 12:00:00,0.978295,0.978775,0.97787,0.97876,-1,-1.0,-1
175,2021-01-28 13:00:00,0.97876,0.979565,0.97859,0.97944,-1,-1.0,-1
176,2021-01-28 14:00:00,0.97944,0.97947,0.978505,0.97915,-1,-1.0,-1
177,2021-01-28 15:00:00,0.97915,0.9792,0.97762,0.978335,-1,-1.0,-1
178,2021-01-28 16:00:00,0.978335,0.97895,0.977305,0.977415,-1,-1.0,-1
179,2021-01-28 17:00:00,0.977415,0.978715,0.97732,0.978515,-1,-1.0,-1
180,2021-01-28 18:00:00,0.978515,0.979235,0.977845,0.978985,-1,-1.0,-1
181,2021-01-28 19:00:00,0.978985,0.97912,0.977735,0.97796,-1,-1.0,-1
182,2021-01-28 20:00:00,0.97796,0.97813,0.97712,0.97791,-1,-1.0,-1
183,2021-01-28 21:00:00,0.97791,0.98024,0.97723,0.9802,-1,-1.0,-1
184,2021-01-28 22:00:00,0.9802,0.98107,0.979655,0.979995,-1,-1.0,-1
185,2021-01-28 23:00:00,0.979995,0.982595,0.97995,0.98213,-1,-1.0,-1
186,2021-01-29 00:00:00,0.98213,0.98338,0.98186,0.98314,-1,-1.0,-1
187,2021-01-29 01:00:00,0.98314,0.983835,0.98308,0.983295,-1,-1.0,-1
188,2021-01-29 02:00:00,0.983295,0.984475,0.983255,0.984,-1,-1.0,-1
189,2021-01-29 03:00:00,0.984,0.984735,0.98368,0.98465,-1,-1.0,-1
190,2021-01-29 04:00:00,0.98465,0.985115,0.984405,0.984995,-1,-1.0,-1
191,2021-01-29 05:00:00,0.984995,0.985405,0.98401,0.98526,-1,-1.0,-1
192,2021-01-29 06:15:00,0.985175,0.985415,0.984115,0.984205,-1,-1.0,-1
193,2021-01-29 07:00:00,0.984205,0.984555,0.984,0.984225,-1,-1.0,-1
194,2021-01-29 08:00:00,0.984225,0.98463,0.98382,0.984325,-1,-1.0,-1
195,2021-01-29 09:00:00,0.984325,0.984695,0.98395,0.984195,-1,-1.0,-1
196,2021-01-29 10:00:00,0.984195,0.98453,0.983185,0.98415,-1,-1.0,-1
197,2021-01-29 11:00:00,0.98415,0.984335,0.983515,0.983545,-1,-1.0,-1
198,2021-01-29 12:00:00,0.983545,0.983845,0.982945,0.983655,-1,-1.0,-1
199,2021-01-29 13:00:00,0.983655,0.984085,0.98342,0.98397,-1,-1.0,-1
200,2021-01-29 14:00:00,0.98397,0.985205,0.98379,0.98508,-1,-1.0,-1
201,2021-01-29 15:00:00,0.98508,0.985365,0.98394,0.984125,-1,-1.0,-1
202,2021-01-29 16:00:00,0.984125,0.9844,0.983,0.983745,-1,-1.0,-1
203,2021-01-29 17:00:00,0.983745,0.98403,0.98182,0.98255,-1,-1.0,-1
204,2021-01-29 18:00:00,0.98255,0.98269,0.981835,0.982265,-1,-1.0,-1
205,2021-01-29 19:00:00,0.982265,0.98276,0.98135,0.982195,-1,-1.0,-1
206,2021-01-29 20:00:00,0.982195,0.982815,0.98131,0.98132,-1,-1.0,-1
207,2021-01-29 21:00:00,0.98132,0.98261,0.980225,0.982055,-1,-1.0,-1
208,2021-01-29 22:00:00,0.982055,0.982445,0.98028,0.980575,-1,-1.0,-1
209,2021-01-29 23:00:00,0.980575,0.981315,0.97902,0.97991,-1,-1.0,-1
210,2021-01-30 00:00:00,0.97991,0.980305,0.978495,0.97874,-1,-1.0,-1
211,2021-01-30 01:00:00,0.97874,0.978965,0.97738,0.97856,-1,-1.0,-1
212,2021-01-30 02:00:00,0.97856,0.979075,0.97785,0.978205,-1,-1.0,-1
213,2021-01-30 03:00:00,0.978205,0.979205,0.97789,0.977955,-1,-1.0,-1
214,2021-01-30 04:00:00,0.977955,0.9787,0.976845,0.977365,-1,-1.0,-1
215,2021-01-30 05:00:00,0.977365,0.97768,0.976005,0.97695,-1,-1.0,-1
216,2021-02-01 06:15:00,0.97555,0.977055,0.974595,0.975495,-1,-1.0,-1
217,2021-02-01 07:00:00,0.975495,0.976245,0.97487,0.975545,-1,-1.0,-1
218,2021-02-01 08:00:00,0.975545,0.976785,0.97544,0.97657,-1,-1.0,-1
219,2021-02-01 09:00:00,0.97657,0.977115,0.97618,0.97663,-1,-1.0,-1
220,2021-02-01 10:00:00,0.97663,0.977535,0.976525,0.976835,-1,-1.0,-1
221,2021-02-01 11:00:00,0.976835,0.9775,0.976765,0.97719,-1,-1.0,-1
222,2021-02-01 12:00:00,0.97719,0.97753,0.97704,0.97734,-1,-1.0,-1
223,2021-02-01 13:00:00,0.97734,0.977905,0.976965,0.97763,-1,-1.0,-1
224,2021-02-01 14:00:00,0.97763,0.977995,0.97743,0.97767,-1,-1.0,-1
225,2021-02-01 15:00:00,0.97767,0.97782,0.976915,0.977125,-1,-1.0,-1
226,2021-02-01 16:00:00,0.977125,0.97737,0.97632,0.976365,-1,-1.0,-1
227,2021-02-01 17:00:00,0.976365,0.977765,0.976345,0.977115,-1,-1.0,-1
228,2021-02-01 18:00:00,0.977115,0.977155,0.976005,0.97639,-1,-1.0,-1
229,2021-02-01 19:00:00,0.97639,0.977765,0.976375,0.97764,-1,-1.0,-1
230,2021-02-01 20:00:00,0.97764,0.97807,0.976475,0.97661,-1,-1.0,-1
231,2021-02-01 21:00:00,0.97661,0.977885,0.976565,0.977365,-1,-1.0,-1
232,2021-02-01 22:00:00,0.977365,0.97741,0.97574,0.976345,-1,-1.0,-1
233,2021-02-01 23:00:00,0.976345,0.977955,0.97622,0.977915,-1,-1.0,-1
234,2021-02-02 00:00:00,0.977915,0.97874,0.97732,0.977805,-1,-1.0,-1
235,2021-02-02 01:00:00,0.977805,0.979065,0.9778,0.978415,-1,-1.0,-1
236,2021-02-02 02:00:00,0.978415,0.97972,0.9784,0.97963,-1,-1.0,-1
237,2021-02-02 03:00:00,0.97963,0.981555,0.97954,0.981365,-1,-1.0,-1
238,2021-02-02 04:00:00,0.981365,0.981385,0.97943,0.98006,-1,-1.0,-1
239,2021-02-02 05:00:00,0.98006,0.980415,0.97949,0.97967,-1,-1.0,-1
240,2021-02-02 06:15:00,0.9795,0.980075,0.9795,0.97996,-1,-1.0,-1
241,2021-02-02 07:00:00,0.97996,0.981,0.979785,0.980865,-1,-1.0,-1
242,2021-02-02 08:00:00,0.980865,0.9811,0.98041,0.980945,-1,-1.0,-1
243,2021-02-02 09:00:00,0.980945,0.981735,0.980805,0.98163,-1,-1.0,-1
244,2021-02-02 10:00:00,0.98163,0.98229,0.98134,0.982285,-1,-1.0,-1
245,2021-02-02 11:00:00,0.982285,0.98254,0.978935,0.979175,-1,-1.0,-1
246,2021-02-02 12:00:00,0.979175,0.97931,0.97775,0.978195,-1,-1.0,-1
247,2021-02-02 13:00:00,0.978195,0.979095,0.978095,0.97869,-1,-1.0,-1
248,2021-02-02 14:00:00,0.97869,0.97881,0.976715,0.977,-1,-1.0,-1
249,2021-02-02 15:00:00,0.977,0.97711,0.97565,0.97652,-1,-1.0,-1
250,2021-02-02 16:00:00,0.97652,0.97761,0.97595,0.97633,-1,-1.0,-1
251,2021-02-02 17:00:00,0.97633,0.97634,0.974475,0.97465,-1,-1.0,-1
252,2021-02-02 18:00:00,0.97465,0.97481,0.97404,0.97455,-1,-1.0,-1
253,2021-02-02 19:00:00,0.97455,0.974635,0.973525,0.973735,-1,-1.0,-1
254,2021-02-02 20:00:00,0.973735,0.973985,0.97247,0.972965,-1,-1.0,-1
255,2021-02-02 21:00:00,0.972965,0.97467,0.972605,0.97454,-1,-1.0,-1
256,2021-02-02 22:00:00,0.97454,0.97536,0.97318,0.973405,-1,-1.0,-1
257,2021-02-02 23:00:00,0.973405,0.974285,0.972315,0.97247,-1,-1.0,-1
258,2021-02-03 00:00:00,0.97247,0.972875,0.97148,0.97214,-1,-1.0,-1
259,2021-02-03 01:00:00,0.97214,0.97281,0.97198,0.972055,-1,-1.0,-1
260,2021-02-03 02:00:00,0.972055,0.972435,0.971635,0.971775,-1,-1.0,-1
261,2021-02-03 03:00:00,0.971775,0.972375,0.97154,0.972045,-1,-1.0,-1
262,2021-02-03 04:00:00,0.972045,0.97259,0.97173,0.972095,-1,-1.0,-1
263,2021-02-03 05:00:00,0.972095,0.97323,0.97192,0.972405,-1,-1.0,-1
264,2021-02-03 06:15:00,0.9724,0.97285,0.97221,0.97228,-1,-1.0,-1
265,2021-02-03 07:00:00,0.97228,0.97353,0.972275,0.972595,-1,-1.0,-1
266,2021-02-03 08:00:00,0.972595,0.97294,0.972095,0.97262,-1,-1.0,-1
267,2021-02-03 09:00:00,0.97262,0.97331,0.971965,0.972265,-1,-1.0,-1
268,2021-02-03 10:00:00,0.972265,0.972675,0.971545,0.972375,-1,-1.0,-1
269,2021-02-03 11:00:00,0.972375,0.973025,0.972115,0.972525,-1,-1.0,-1
270,2021-02-03 12:00:00,0.972525,0.97308,0.97248,0.97294,-1,-1.0,-1
271,2021-02-03 13:00:00,0.97294,0.973585,0.97293,0.97327,-1,-1.0,-1
272,2021-02-03 14:00:00,0.97327,0.973285,0.972785,0.97317,-1,-1.0,-1
273,2021-02-03 15:00:00,0.97317,0.97441,0.97303,0.97416,-1,-1.0,-1
274,2021-02-03 16:00:00,0.97416,0.974285,0.9729,0.97326,-1,-1.0,-1
275,2021-02-03 17:00:00,0.97326,0.974575,0.97256,0.9745,-1,-1.0,-1
276,2021-02-03 18:00:00,0.9745,0.974895,0.97401,0.974635,-1,-1.0,-1
277,2021-02-03 19:00:00,0.974635,0.97467,0.97392,0.97444,-1,-1.0,-1
278,2021-02-03 20:00:00,0.97444,0.974535,0.9738,0.97404,-1,-1.0,-1
279,2021-02-03 21:00:00,0.97404,0.975105,0.973715,0.97482,-1,-1.0,-1
280,2021-02-03 22:00:00,0.97482,0.97559,0.973995,0.97411,-1,-1.0,-1
281,2021-02-03 23:00:00,0.97411,0.97485,0.97352,0.973605,-1,-1.0,-1
282,2021-02-04 00:00:00,0.973605,0.97413,0.972985,0.97305,-1,-1.0,-1
283,2021-02-04 01:00:00,0.97305,0.973755,0.972805,0.97373,-1,-1.0,-1
284,2021-02-04 02:00:00,0.97373,0.97414,0.97307,0.97392,-1,-1.0,-1
285,2021-02-04 03:00:00,0.97392,0.97434,0.973635,0.974215,-1,-1.0,-1
286,2021-02-04 04:00:00,0.974215,0.974375,0.973485,0.974215,-1,-1.0,-1
287,2021-02-04 05:00:00,0.974215,0.974875,0.97397,0.974125,-1,-1.0,-1
288,2021-02-04 06:15:00,0.974325,0.974585,0.973785,0.97415,-1,-1.0,-1
289,2021-02-04 07:00:00,0.97415,0.976365,0.974135,0.976285,-1,-1.0,-1
290,2021-02-04 08:00:00,0.976285,0.976395,0.975335,0.975425,-1,-1.0,-1
291,2021-02-04 09:00:00,0.975425,0.97712,0.975405,0.976905,-1,-1.0,-1
292,2021-02-04 10:00:00,0.976905,0.977365,0.97659,0.976725,-1,-1.0,-1
293,2021-02-04 11:00:00,0.976725,0.97689,0.975825,0.976075,-1,-1.0,-1
294,2021-02-04 12:00:00,0.976075,0.976265,0.975455,0.97594,-1,-1.0,-1
295,2021-02-04 13:00:00,0.97594,0.976905,0.97582,0.97644,-1,-1.0,-1
296,2021-02-04 14:00:00,0.97644,0.97726,0.97641,0.97682,-1,-1.0,-1
297,2021-02-04 15:00:00,0.97682,0.97689,0.975665,0.97589,-1,-1.0,-1
298,2021-02-04 16:00:00,0.97589,0.976305,0.97508,0.97525,-1,-1.0,-1
299,2021-02-04 17:00:00,0.97525,0.97694,0.975065,0.97688,-1,-1.0,-1
300,2021-02-04 18:00:00,0.97688,0.977175,0.9758,0.97601,-1,-1.0,-1
301,2021-02-04 19:00:00,0.97601,0.97665,0.975555,0.97563,-1,-1.0,-1
302,2021-02-04 20:00:00,0.97563,0.9765,0.97548,0.976475,-1,-1.0,-1
303,2021-02-04 21:00:00,0.976475,0.976945,0.97604,0.976345,-1,-1.0,-1
304,2021-02-04 22:00:00,0.976345,0.976685,0.97508,0.97534,-1,-1.0,-1
305,2021-02-04 23:00:00,0.97534,0.975855,0.974455,0.9756,-1,-1.0,-1
306,2021-02-05 00:00:00,0.9756,0.975735,0.974595,0.97497,-1,-1.0,-1
307,2021-02-05 01:00:00,0.97497,0.975065,0.97449,0.974635,-1,-1.0,-1
308,2021-02-05 02:00:00,0.974635,0.975025,0.974465,0.97464,-1,-1.0,-1
309,2021-02-05 03:00:00,0.97464,0.97561,0.97457,0.975395,-1,-1.0,-1
310,2021-02-05 04:00:00,0.975395,0.975395,0.97466,0.97477,-1,-1.0,-1
311,2021-02-05 05:00:00,0.97477,0.97516,0.974445,0.974825,-1,-1.0,-1
312,2021-02-05 06:15:00,0.9746,0.97508,0.97422,0.974755,-1,-1.0,-1
313,2021-02-05 07:00:00,0.974755,0.97538,0.9744,0.97476,-1,-1.0,-1
314,2021-02-05 08:00:00,0.97476,0.975085,0.974425,0.97464,-1,-1.0,-1
315,2021-02-05 09:00:00,0.97464,0.97467,0.973255,0.97333,-1,-1.0,-1
316,2021-02-05 10:00:00,0.97333,0.973715,0.972795,0.973105,-1,-1.0,-1
317,2021-02-05 11:00:00,0.973105,0.9741,0.972935,0.97394,-1,-1.0,-1
318,2021-02-05 12:00:00,0.97394,0.974405,0.97373,0.97424,-1,-1.0,-1
319,2021-02-05 13:00:00,0.97424,0.97489,0.97409,0.974835,-1,-1.0,-1
320,2021-02-05 14:00:00,0.974835,0.974885,0.97411,0.974495,-1,-1.0,-1
321,2021-02-05 15:00:00,0.974495,0.974795,0.97409,0.974195,-1,-1.0,-1
322,2021-02-05 16:00:00,0.974195,0.975055,0.974035,0.97499,-1,-1.0,-1
323,2021-02-05 17:00:00,0.97499,0.97522,0.97453,0.97457,-1,-1.0,-1
324,2021-02-05 18:00:00,0.97457,0.9746,0.97347,0.973975,-1,-1.0,-1
325,2021-02-05 19:00:00,0.973975,0.974245,0.97357,0.97359,-1,-1.0,-1
326,2021-02-05 20:00:00,0.97359,0.973715,0.973125,0.973675,-1,-1.0,-1
327,2021-02-05 21:00:00,0.973675,0.976945,0.973275,0.97618,-1,-1.0,-1
328,2021-02-05 22:00:00,0.97618,0.97846,0.976035,0.97814,-1,-1.0,-1
329,2021-02-05 23:00:00,0.97814,0.978415,0.977055,0.97826,-1,-1.0,-1
330,2021-02-06 00:00:00,0.97826,0.97865,0.977855,0.978555,-1,-1.0,-1
331,2021-02-06 01:00:00,0.978555,0.979275,0.978445,0.979125,-1,-1.0,-1
332,2021-02-06 02:00:00,0.979125,0.97939,0.978815,0.97884,-1,-1.0,-1
333,2021-02-06 03:00:00,0.97884,0.979185,0.97863,0.979145,-1,-1.0,-1
334,2021-02-06 04:00:00,0.979145,0.979615,0.9787,0.97957,-1,-1.0,-1
335,2021-02-06 05:00:00,0.97957,0.979975,0.9792,0.979325,-1,-1.0,-1
336,2021-02-08 06:15:00,0.9788,0.9795,0.978575,0.97876,-1,-1.0,-1
337,2021-02-08 07:00:00,0.97876,0.97993,0.97874,0.97981,-1,-1.0,-1
338,2021-02-08 08:00:00,0.97981,0.97986,0.979075,0.979205,-1,-1.0,-1
339,2021-02-08 09:00:00,0.979205,0.97987,0.97876,0.97983,-1,-1.0,-1
340,2021-02-08 10:00:00,0.97983,0.980015,0.979075,0.97963,-1,-1.0,-1
341,2021-02-08 11:00:00,0.97963,0.97977,0.97928,0.979695,-1,-1.0,-1
342,2021-02-08 12:00:00,0.979695,0.980035,0.979365,0.979385,-1,-1.0,-1
343,2021-02-08 13:00:00,0.979385,0.97998,0.979365,0.9796,-1,-1.0,-1
344,2021-02-08 14:00:00,0.9796,0.979955,0.97952,0.979875,-1,-1.0,-1
345,2021-02-08 15:00:00,0.979875,0.979975,0.979445,0.9796,-1,-1.0,-1
346,2021-02-08 16:00:00,0.9796,0.980025,0.97882,0.97912,-1,-1.0,-1
347,2021-02-08 17:00:00,0.97912,0.97922,0.97843,0.979025,-1,-1.0,-1
348,2021-02-08 18:00:00,0.979025,0.97911,0.9779,0.978335,-1,-1.0,-1
349,2021-02-08 19:00:00,0.978335,0.978665,0.97782,0.977975,-1,-1.0,-1
350,2021-02-08 20:00:00,0.977975,0.979175,0.977815,0.97901,-1,-1.0,-1
351,2021-02-08 21:00:00,0.97901,0.98016,0.97862,0.979835,-1,-1.0,-1
352,2021-02-08 22:00:00,0.979835,0.981285,0.97965,0.9811,-1,-1.0,-1
353,2021-02-08 23:00:00,0.9811,0.983875,0.98109,0.983225,-1,-1.0,-1
354,2021-02-09 00:00:00,0.983225,0.98344,0.98221,0.982365,-1,-1.0,-1
355,2021-02-09 01:00:00,0.982365,0.9827,0.981885,0.982075,-1,-1.0,-1
356,2021-02-09 02:00:00,0.982075,0.98213,0.98114,0.98156,-1,-1.0,-1
357,2021-02-09 03:00:00,0.98156,0.9818,0.981145,0.981575,-1,-1.0,-1
358,2021-02-09 04:00:00,0.981575,0.981895,0.98121,0.981655,-1,-1.0,-1
359,2021-02-09 05:00:00,0.981655,0.981895,0.980995,0.98116,-1,-1.0,-1
360,2021-02-09 06:15:00,0.981475,0.981885,0.98112,0.98154,-1,-1.0,-1
361,2021-02-09 07:00:00,0.98154,0.982,0.981165,0.981985,-1,-1.0,-1
362,2021-02-09 08:00:00,0.981985,0.982495,0.981535,0.98232,-1,-1.0,-1
363,2021-02-09 09:00:00,0.98232,0.982755,0.982155,0.98238,-1,-1.0,-1
364,2021-02-09 10:00:00,0.98238,0.983355,0.982355,0.98322,-1,-1.0,-1
365,2021-02-09 11:00:00,0.98322,0.983795,0.98306,0.983555,-1,-1.0,-1
366,2021-02-09 12:00:00,0.983555,0.983755,0.983115,0.98351,-1,-1.0,-1
367,2021-02-09 13:00:00,0.98351,0.98388,0.9832,0.98331,-1,-1.0,-1
368,2021-02-09 14:00:00,0.98331,0.983525,0.98277,0.982945,-1,-1.0,-1
369,2021-02-09 15:00:00,0.982945,0.983265,0.98244,0.98247,-1,-1.0,-1
370,2021-02-09 16:00:00,0.98247,0.983005,0.98158,0.982955,-1,-1.0,-1
371,2021-02-09 17:00:00,0.982955,0.983775,0.98264,0.983495,-1,-1.0,-1
372,2021-02-09 18:00:00,0.983495,0.983715,0.98316,0.98321,-1,-1.0,-1
373,2021-02-09 19:00:00,0.98321,0.983455,0.98258,0.98292,-1,-1.0,-1
374,2021-02-09 20:00:00,0.98292,0.98299,0.982005,0.98252,-1,-1.0,-1
375,2021-02-09 21:00:00,0.98252,0.9842,0.982285,0.98416,-1,-1.0,-1
376,2021-02-09 22:00:00,0.98416,0.98496,0.9837,0.98419,-1,-1.0,-1
377,2021-02-09 23:00:00,0.98419,0.984395,0.981895,0.982695,-1,-1.0,-1
378,2021-02-10 00:00:00,0.982695,0.98271,0.98166,0.98198,-1,-1.0,-1
379,2021-02-10 01:00:00,0.98198,0.98238,0.981765,0.982055,-1,-1.0,-1
380,2021-02-10 02:00:00,0.982055,0.982215,0.98137,0.981695,-1,-1.0,-1
381,2021-02-10 03:00:00,0.981695,0.982825,0.98167,0.982375,-1,-1.0,-1
382,2021-02-10 04:00:00,0.982375,0.982805,0.982235,0.982755,-1,-1.0,-1
383,2021-02-10 05:00:00,0.982755,0.9828,0.982145,0.982315,-1,-1.0,-1
384,2021-02-10 06:15:00,0.9825,0.982535,0.981995,0.982125,-1,-1.0,-1
385,2021-02-10 07:00:00,0.982125,0.982915,0.981895,0.98286,-1,-1.0,-1
386,2021-02-10 08:00:00,0.98286,0.982925,0.98213,0.98231,-1,-1.0,-1
387,2021-02-10 09:00:00,0.98231,0.98263,0.981745,0.98216,-1,-1.0,-1
388,2021-02-10 10:00:00,0.98216,0.982485,0.982,0.982135,-1,-1.0,-1
389,2021-02-10 11:00:00,0.982135,0.98284,0.98208,0.98271,-1,-1.0,-1
390,2021-02-10 12:00:00,0.98271,0.983055,0.982545,0.98261,-1,-1.0,-1
391,2021-02-10 13:00:00,0.98261,0.982885,0.982395,0.982645,-1,-1.0,-1
392,2021-02-10 14:00:00,0.982645,0.982885,0.982355,0.98266,-1,-1.0,-1
393,2021-02-10 15:00:00,0.98266,0.98314,0.98252,0.98277,-1,-1.0,-1
394,2021-02-10 16:00:00,0.98277,0.982965,0.981945,0.98262,-1,-1.0,-1
395,2021-02-10 17:00:00,0.98262,0.982695,0.980875,0.98142,-1,-1.0,-1
396,2021-02-10 18:00:00,0.98142,0.981835,0.980965,0.981795,-1,-1.0,-1
397,2021-02-10 19:00:00,0.981795,0.982545,0.98178,0.98184,-1,-1.0,-1
398,2021-02-10 20:00:00,0.98184,0.98188,0.981065,0.981495,-1,-1.0,-1
399,2021-02-10 21:00:00,0.981495,0.98363,0.981315,0.982855,-1,-1.0,-1
400,2021-02-10 22:00:00,0.982855,0.983805,0.982015,0.982535,-1,-1.0,-1
401,2021-02-10 23:00:00,0.982535,0.983075,0.98069,0.98079,-1,-1.0,-1
402,2021-02-11 00:00:00,0.98079,0.98112,0.980075,0.980695,-1,-1.0,-1
403,2021-02-11 01:00:00,0.980695,0.98147,0.980455,0.98112,-1,-1.0,-1
404,2021-02-11 02:00:00,0.98112,0.98115,0.98056,0.980755,-1,-1.0,-1
405,2021-02-11 03:00:00,0.980755,0.981285,0.980525,0.98064,-1,-1.0,-1
406,2021-02-11 04:00:00,0.98064,0.980895,0.9804,0.980505,-1,-1.0,-1
407,2021-02-11 05:00:00,0.980505,0.98096,0.98039,0.980705,-1,-1.0,-1
408,2021-02-11 06:15:00,0.980725,0.981035,0.980435,0.98062,-1,-1.0,-1
409,2021-02-11 07:00:00,0.98062,0.980885,0.980485,0.98074,-1,-1.0,-1
410,2021-02-11 08:00:00,0.98074,0.980795,0.979975,0.980245,-1,-1.0,-1
411,2021-02-11 09:00:00,0.980245,0.980895,0.98014,0.98065,-1,-1.0,-1
412,2021-02-11 10:00:00,0.98065,0.98126,0.98061,0.981255,-1,-1.0,-1
413,2021-02-11 11:00:00,0.981255,0.98181,0.980795,0.981685,-1,-1.0,-1
414,2021-02-11 12:00:00,0.981685,0.982095,0.981635,0.981805,-1,-1.0,-1
415,2021-02-11 13:00:00,0.981805,0.98229,0.981665,0.982265,-1,-1.0,-1
416,2021-02-11 14:00:00,0.982265,0.98304,0.982265,0.982855,-1,-1.0,-1
417,2021-02-11 15:00:00,0.982855,0.98291,0.982445,0.982815,-1,-1.0,-1
418,2021-02-11 16:00:00,0.982815,0.983075,0.98134,0.981415,-1,-1.0,-1
419,2021-02-11 17:00:00,0.981415,0.98247,0.981295,0.982105,-1,-1.0,-1
420,2021-02-11 18:00:00,0.982105,0.982295,0.981105,0.981255,-1,-1.0,-1
421,2021-02-11 19:00:00,0.981255,0.981995,0.981085,0.98176,-1,-1.0,-1
422,2021-02-11 20:00:00,0.98176,0.982725,0.981695,0.982595,-1,-1.0,-1
423,2021-02-11 21:00:00,0.982595,0.984555,0.982445,0.984065,-1,-1.0,-1
424,2021-02-11 22:00:00,0.984065,0.98438,0.983475,0.98395,-1,-1.0,-1
425,2021-02-11 23:00:00,0.98395,0.984615,0.9836,0.984435,-1,-1.0,-1
426,2021-02-12 00:00:00,0.984435,0.984745,0.983955,0.98418,-1,-1.0,-1
427,2021-02-12 01:00:00,0.98418,0.984575,0.98393,0.9842,-1,-1.0,-1
428,2021-02-12 02:00:00,0.9842,0.98445,0.983825,0.983995,-1,-1.0,-1
429,2021-02-12 03:00:00,0.983995,0.98429,0.983485,0.984115,-1,-1.0,-1
430,2021-02-12 04:00:00,0.984115,0.98478,0.984025,0.98463,-1,-1.0,-1
431,2021-02-12 05:00:00,0.98463,0.98516,0.984425,0.98504,-1,-1.0,-1
432,2021-02-12 06:15:00,0.984675,0.98515,0.984515,0.984835,-1,-1.0,-1
433,2021-02-12 07:00:00,0.984835,0.98493,0.98409,0.9845,-1,-1.0,-1
434,2021-02-12 08:00:00,0.9845,0.985285,0.98442,0.984775,-1,-1.0,-1
435,2021-02-12 09:00:00,0.984775,0.985495,0.984445,0.985465,-1,-1.0,-1
436,2021-02-12 10:00:00,0.985465,0.98557,0.984565,0.9847,-1,-1.0,-1
437,2021-02-12 11:00:00,0.9847,0.98504,0.98462,0.98489,-1,-1.0,-1
438,2021-02-12 12:00:00,0.98489,0.985555,0.984875,0.98531,-1,-1.0,-1
439,2021-02-12 13:00:00,0.98531,0.985865,0.98523,0.985635,-1,-1.0,-1
440,2021-02-12 14:00:00,0.985635,0.985755,0.985225,0.985375,-1,-1.0,-1
441,2021-02-12 15:00:00,0.985375,0.985965,0.985205,0.98536,-1,-1.0,-1
442,2021-02-12 16:00:00,0.98536,0.98567,0.984565,0.98464,-1,-1.0,-1
443,2021-02-12 17:00:00,0.98464,0.9851,0.98441,0.98461,-1,-1.0,-1
444,2021-02-12 18:00:00,0.98461,0.985045,0.98446,0.984695,-1,-1.0,-1
445,2021-02-12 19:00:00,0.984695,0.98475,0.984115,0.98431,-1,-1.0,-1
446,2021-02-12 20:00:00,0.98431,0.9846,0.983755,0.98397,-1,-1.0,-1
447,2021-02-12 21:00:00,0.98397,0.98498,0.98379,0.984625,-1,-1.0,-1
448,2021-02-12 22:00:00,0.984625,0.98542,0.98413,0.984285,-1,-1.0,-1
449,2021-02-12 23:00:00,0.984285,0.98529,0.984275,0.98457,-1,-1.0,-1
450,2021-02-13 00:00:00,0.98457,0.98554,0.98449,0.9853,-1,-1.0,-1
451,2021-02-13 01:00:00,0.9853,0.985485,0.98412,0.984655,-1,-1.0,-1
452,2021-02-13 02:00:00,0.984655,0.985435,0.984565,0.98525,-1,-1.0,-1
453,2021-02-13 03:00:00,0.98525,0.985385,0.985065,0.98526,-1,-1.0,-1
454,2021-02-13 04:00:00,0.98526,0.98537,0.984915,0.985315,-1,-1.0,-1
455,2021-02-13 05:00:00,0.985315,0.98575,0.984755,0.98508,-1,-1.0,-1
456,2021-02-15 06:15:00,0.985125,0.985445,0.98465,0.984675,-1,-1.0,-1
457,2021-02-15 07:00:00,0.984675,0.985365,0.98447,0.985075,-1,-1.0,-1
458,2021-02-15 08:00:00,0.985075,0.98573,0.98493,0.984935,-1,-1.0,-1
459,2021-02-15 09:00:00,0.984935,0.98517,0.984665,0.984845,-1,-1.0,-1
460,2021-02-15 10:00:00,0.984845,0.98523,0.984705,0.985175,-1,-1.0,-1
461,2021-02-15 11:00:00,0.985175,0.986075,0.985175,0.98602,-1,-1.0,-1
462,2021-02-15 12:00:00,0.98602,0.98612,0.985475,0.985735,-1,-1.0,-1
463,2021-02-15 13:00:00,0.985735,0.986275,0.985655,0.986165,-1,-1.0,-1
464,2021-02-15 14:00:00,0.986165,0.98624,0.98591,0.985935,-1,-1.0,-1
465,2021-02-15 15:00:00,0.985935,0.985975,0.98533,0.98579,-1,-1.0,-1
466,2021-02-15 16:00:00,0.98579,0.986165,0.98531,0.9854,-1,-1.0,-1
467,2021-02-15 17:00:00,0.9854,0.98547,0.98471,0.984795,-1,-1.0,-1
468,2021-02-15 18:00:00,0.984795,0.985065,0.98425,0.984555,-1,-1.0,-1
469,2021-02-15 19:00:00,0.984555,0.985055,0.984145,0.98428,-1,-1.0,-1
470,2021-02-15 20:00:00,0.98428,0.984675,0.983765,0.983915,-1,-1.0,-1
471,2021-02-15 21:00:00,0.983915,0.98408,0.98316,0.983165,-1,-1.0,-1
472,2021-02-15 22:00:00,0.983165,0.983555,0.982475,0.982795,-1,-1.0,-1
473,2021-02-15 23:00:00,0.982795,0.984185,0.982615,0.984095,-1,-1.0,-1
474,2021-02-16 00:00:00,0.984095,0.984145,0.98352,0.983945,-1,-1.0,-1
475,2021-02-16 01:00:00,0.983945,0.98409,0.983645,0.983895,-1,-1.0,-1
476,2021-02-16 02:00:00,0.983895,0.98398,0.9828,0.9835,-1,-1.0,-1
477,2021-02-16 03:00:00,0.9835,0.983645,0.98337,0.983615,-1,-1.0,-1
478,2021-02-16 04:00:00,0.983615,0.983765,0.983465,0.9836,-1,-1.0,-1
479,2021-02-16 05:00:00,0.9836,0.984385,0.9831,0.983705,-1,-1.0,-1
480,2021-02-16 06:15:00,0.983575,0.98387,0.983525,0.983755,-1,-1.0,-1
481,2021-02-16 07:00:00,0.983755,0.984105,0.983555,0.983765,-1,-1.0,-1
482,2021-02-16 08:00:00,0.983765,0.984165,0.98328,0.983415,-1,-1.0,-1
483,2021-02-16 09:00:00,0.983415,0.98454,0.983245,0.98389,-1,-1.0,-1
484,2021-02-16 10:00:00,0.98389,0.984545,0.98377,0.984285,-1,-1.0,-1
485,2021-02-16 11:00:00,0.984285,0.98436,0.983915,0.984035,-1,-1.0,-1
486,2021-02-16 12:00:00,0.984035,0.984175,0.983475,0.983795,-1,-1.0,-1
487,2021-02-16 13:00:00,0.983795,0.983875,0.9827,0.9831,-1,-1.0,-1
488,2021-02-16 14:00:00,0.9831,0.983585,0.982845,0.9833,-1,-1.0,-1
489,2021-02-16 15:00:00,0.9833,0.98362,0.982905,0.983345,-1,-1.0,-1
490,2021-02-16 16:00:00,0.983345,0.984535,0.98324,0.984505,-1,-1.0,-1
491,2021-02-16 17:00:00,0.984505,0.985295,0.984265,0.984935,-1,-1.0,-1
492,2021-02-16 18:00:00,0.984935,0.985075,0.98451,0.98502,-1,-1.0,-1
493,2021-02-16 19:00:00,0.98502,0.98538,0.98451,0.984795,-1,-1.0,-1
494,2021-02-16 20:00:00,0.984795,0.98493,0.98339,0.983595,-1,-1.0,-1
495,2021-02-16 21:00:00,0.983595,0.98447,0.983405,0.983485,-1,-1.0,-1
496,2021-02-16 22:00:00,0.983485,0.984365,0.98295,0.983735,-1,-1.0,-1
497,2021-02-16 23:00:00,0.983735,0.985935,0.983615,0.985755,-1,-1.0,-1
498,2021-02-17 00:00:00,0.985755,0.98622,0.98481,0.984885,-1,-1.0,-1
499,2021-02-17 01:00:00,0.984885,0.984905,0.98394,0.984645,-1,-1.0,-1
500,2021-02-17 02:00:00,0.984645,0.985335,0.984365,0.984625,-1,-1.0,-1
501,2021-02-17 03:00:00,0.984625,0.985035,0.98405,0.98411,-1,-1.0,-1
502,2021-02-17 04:00:00,0.98411,0.984615,0.98405,0.98417,-1,-1.0,-1
503,2021-02-17 05:00:00,0.98417,0.98438,0.98388,0.984245,-1,-1.0,-1
504,2021-02-17 06:15:00,0.984075,0.98435,0.983745,0.983825,-1,-1.0,-1
505,2021-02-17 07:00:00,0.983825,0.98393,0.982465,0.983365,-1,-1.0,-1
506,2021-02-17 08:00:00,0.983365,0.984295,0.983235,0.98379,-1,-1.0,-1
507,2021-02-17 09:00:00,0.98379,0.98441,0.983455,0.98431,-1,-1.0,-1
508,2021-02-17 10:00:00,0.98431,0.984935,0.984245,0.98453,-1,-1.0,-1
509,2021-02-17 11:00:00,0.98453,0.98467,0.98376,0.98414,-1,-1.0,-1
510,2021-02-17 12:00:00,0.98414,0.9842,0.983835,0.98411,-1,-1.0,-1
511,2021-02-17 13:00:00,0.98411,0.98439,0.98376,0.98388,-1,-1.0,-1
512,2021-02-17 14:00:00,0.98388,0.984445,0.98336,0.98434,-1,-1.0,-1
513,2021-02-17 15:00:00,0.98434,0.98469,0.983865,0.98455,-1,-1.0,-1
514,2021-02-17 16:00:00,0.98455,0.986475,0.984225,0.98615,-1,-1.0,-1
515,2021-02-17 17:00:00,0.98615,0.98626,0.984845,0.98524,-1,-1.0,-1
516,2021-02-17 18:00:00,0.98524,0.98526,0.98379,0.98398,-1,-1.0,-1
517,2021-02-17 19:00:00,0.98398,0.98405,0.98324,0.9835,-1,-1.0,-1
518,2021-02-17 20:00:00,0.9835,0.983645,0.9827,0.983565,-1,-1.0,-1
519,2021-02-17 21:00:00,0.983565,0.98361,0.9822,0.98308,-1,-1.0,-1
520,2021-02-17 22:00:00,0.98308,0.98524,0.98285,0.985145,-1,-1.0,-1
521,2021-02-17 23:00:00,0.985145,0.985175,0.983825,0.984315,-1,-1.0,-1
522,2021-02-18 00:00:00,0.984315,0.98482,0.98395,0.983985,-1,-1.0,-1
523,2021-02-18 01:00:00,0.983985,0.9851,0.98381,0.98506,-1,-1.0,-1
524,2021-02-18 02:00:00,0.98506,0.985185,0.98419,0.98463,-1,-1.0,-1
525,2021-02-18 03:00:00,0.98463,0.9847,0.984015,0.98414,-1,-1.0,-1
526,2021-02-18 04:00:00,0.98414,0.984405,0.98391,0.98423,-1,-1.0,-1
527,2021-02-18 05:00:00,0.98423,0.984535,0.98414,0.984505,-1,-1.0,-1
528,2021-02-18 06:15:00,0.9844,0.985285,0.984285,0.985175,-1,-1.0,-1
529,2021-02-18 07:00:00,0.985175,0.985445,0.984565,0.98529,-1,-1.0,-1
530,2021-02-18 08:00:00,0.98529,0.98619,0.984565,0.985,-1,-1.0,-1
531,2021-02-18 09:00:00,0.985,0.98542,0.984605,0.98529,-1,-1.0,-1
532,2021-02-18 10:00:00,0.98529,0.985295,0.98468,0.98517,-1,-1.0,-1
533,2021-02-18 11:00:00,0.98517,0.985195,0.98459,0.984945,-1,-1.0,-1
534,2021-02-18 12:00:00,0.984945,0.98536,0.984775,0.985095,-1,-1.0,-1
535,2021-02-18 13:00:00,0.985095,0.985185,0.984775,0.984935,-1,-1.0,-1
536,2021-02-18 14:00:00,0.984935,0.98525,0.9848,0.98521,-1,-1.0,-1
537,2021-02-18 15:00:00,0.98521,0.985935,0.985045,0.98577,-1,-1.0,-1
538,2021-02-18 16:00:00,0.98577,0.98673,0.98516,0.986675,-1,-1.0,-1
539,2021-02-18 17:00:00,0.986675,0.987285,0.986655,0.98678,-1,-1.0,-1
540,2021-02-18 18:00:00,0.98678,0.986995,0.985655,0.98657,-1,-1.0,-1
541,2021-02-18 19:00:00,0.98657,0.98722,0.98654,0.986645,-1,-1.0,-1
542,2021-02-18 20:00:00,0.986645,0.98689,0.98606,0.98675,-1,-1.0,-1
543,2021-02-18 21:00:00,0.98675,0.986865,0.985965,0.986475,-1,-1.0,-1
544,2021-02-18 22:00:00,0.986475,0.98664,0.98493,0.985685,-1,-1.0,-1
545,2021-02-18 23:00:00,0.985685,0.985805,0.98393,0.98466,-1,-1.0,-1
546,2021-02-19 00:00:00,0.98466,0.98529,0.984185,0.98467,-1,-1.0,-1
547,2021-02-19 01:00:00,0.98467,0.985085,0.98426,0.985,-1,-1.0,-1
548,2021-02-19 02:00:00,0.985,0.985875,0.98491,0.98581,-1,-1.0,-1
549,2021-02-19 03:00:00,0.98581,0.985995,0.98479,0.984805,-1,-1.0,-1
550,2021-02-19 04:00:00,0.984805,0.98528,0.984645,0.98483,-1,-1.0,-1
551,2021-02-19 05:00:00,0.98483,0.985245,0.98469,0.98483,-1,-1.0,-1
552,2021-02-19 06:15:00,0.9845,0.985125,0.9845,0.98502,-1,-1.0,-1
553,2021-02-19 07:00:00,0.98502,0.98532,0.98475,0.98514,-1,-1.0,-1
554,2021-02-19 08:00:00,0.98514,0.985485,0.98481,0.9853,-1,-1.0,-1
555,2021-02-19 09:00:00,0.9853,0.9864,0.985075,0.986335,-1,-1.0,-1
556,2021-02-19 10:00:00,0.986335,0.98711,0.986035,0.987055,-1,-1.0,-1
557,2021-02-19 11:00:00,0.987055,0.987055,0.986345,0.98664,-1,-1.0,-1
558,2021-02-19 12:00:00,0.98664,0.98682,0.98627,0.986795,-1,-1.0,-1
559,2021-02-19 13:00:00,0.986795,0.98808,0.986715,0.98801,-1,-1.0,-1
560,2021-02-19 14:00:00,0.98801,0.9886,0.987765,0.98826,-1,-1.0,-1
561,2021-02-19 15:00:00,0.98826,0.98969,0.98804,0.98941,-1,-1.0,-1
562,2021-02-19 16:00:00,0.98941,0.99025,0.989325,0.98986,-1,-1.0,-1
563,2021-02-19 17:00:00,0.98986,0.991235,0.989275,0.99072,-1,-1.0,-1
564,2021-02-19 18:00:00,0.99072,0.991515,0.990005,0.991175,-1,-1.0,-1
565,2021-02-19 19:00:00,0.991175,0.991465,0.99026,0.991055,-1,-1.0,-1
566,2021-02-19 20:00:00,0.991055,0.9919,0.990705,0.991155,-1,-1.0,-1
567,2021-02-19 21:00:00,0.991155,0.991935,0.990605,0.99171,-1,-1.0,-1
568,2021-02-19 22:00:00,0.99171,0.992025,0.990945,0.99112,-1,-1.0,-1
569,2021-02-19 23:00:00,0.99112,0.99202,0.991115,0.99135,-1,-1.0,-1
570,2021-02-20 00:00:00,0.99135,0.992295,0.99105,0.991575,-1,-1.0,-1
571,2021-02-20 01:00:00,0.991575,0.992885,0.991355,0.992655,-1,-1.0,-1
572,2021-02-20 02:00:00,0.992655,0.992655,0.99194,0.992135,-1,-1.0,-1
573,2021-02-20 03:00:00,0.992135,0.99278,0.992005,0.9927,-1,-1.0,-1
574,2021-02-20 04:00:00,0.9927,0.993075,0.99222,0.992985,-1,-1.0,-1
575,2021-02-20 05:00:00,0.992985,0.99337,0.992625,0.99281,-1,-1.0,-1
576,2021-02-22 06:15:00,0.99312,0.99359,0.99255,0.992915,-1,-1.0,-1
577,2021-02-22 07:00:00,0.992915,0.994265,0.992535,0.993275,-1,-1.0,-1
578,2021-02-22 08:00:00,0.993275,0.994945,0.993225,0.99323,-1,-1.0,-1
579,2021-02-22 09:00:00,0.99323,0.994935,0.99323,0.99431,-1,-1.0,-1
580,2021-02-22 10:00:00,0.99431,0.994425,0.993235,0.99345,-1,-1.0,-1
581,2021-02-22 11:00:00,0.99345,0.99352,0.992675,0.993225,-1,-1.0,-1
582,2021-02-22 12:00:00,0.993225,0.99346,0.99261,0.99264,-1,-1.0,-1
583,2021-02-22 13:00:00,0.99264,0.99358,0.99254,0.993055,-1,-1.0,-1
584,2021-02-22 14:00:00,0.993055,0.99328,0.99284,0.99318,-1,-1.0,-1
585,2021-02-22 15:00:00,0.99318,0.99506,0.99264,0.994215,-1,-1.0,-1
586,2021-02-22 16:00:00,0.994215,0.99485,0.99399,0.994505,-1,-1.0,-1
587,2021-02-22 17:00:00,0.994505,0.995145,0.994015,0.99496,-1,-1.0,-1
588,2021-02-22 18:00:00,0.99496,0.99555,0.994725,0.994815,-1,-1.0,-1
589,2021-02-22 19:00:00,0.994815,0.996125,0.99477,0.99595,-1,-1.0,-1
590,2021-02-22 20:00:00,0.99595,0.996425,0.995245,0.995835,-1,-1.0,-1
591,2021-02-22 21:00:00,0.995835,0.997265,0.995355,0.997235,-1,-1.0,-1
592,2021-02-22 22:00:00,0.997235,0.99807,0.997015,0.99796,-1,-1.0,-1
593,2021-02-22 23:00:00,0.99796,0.999035,0.996875,0.997325,-1,-1.0,-1
594,2021-02-23 00:00:00,0.997325,0.998385,0.996985,0.99793,-1,-1.0,-1
595,2021-02-23 01:00:00,0.99793,0.99803,0.997405,0.99753,-1,-1.0,-1
596,2021-02-23 02:00:00,0.99753,0.99862,0.99748,0.99839,-1,-1.0,-1
597,2021-02-23 03:00:00,0.99839,0.99892,0.998235,0.998595,-1,-1.0,-1
598,2021-02-23 04:00:00,0.998595,0.998835,0.99811,0.998595,-1,-1.0,-1
599,2021-02-23 05:00:00,0.998595,0.99896,0.998415,0.99869,-1,-1.0,-1
600,2021-02-23 06:15:00,0.998525,0.99875,0.998195,0.99843,-1,-1.0,-1
601,2021-02-23 07:00:00,0.99843,0.998875,0.997985,0.998095,-1,-1.0,-1
602,2021-02-23 08:00:00,0.998095,0.99867,0.99783,0.998235,-1,-1.0,-1
603,2021-02-23 09:00:00,0.998235,0.998785,0.997725,0.99848,-1,-1.0,-1
604,2021-02-23 10:00:00,0.99848,0.998525,0.996585,0.996835,-1,-1.0,-1
605,2021-02-23 11:00:00,0.996835,0.997095,0.996575,0.99698,-1,-1.0,-1
606,2021-02-23 12:00:00,0.99698,0.99738,0.9968,0.997155,-1,-1.0,-1
607,2021-02-23 13:00:00,0.997155,0.99716,0.99665,0.99693,-1,-1.0,-1
608,2021-02-23 14:00:00,0.99693,0.997245,0.996725,0.99701,-1,-1.0,-1
609,2021-02-23 15:00:00,0.99701,0.99744,0.99614,0.996855,-1,-1.0,-1
610,2021-02-23 16:00:00,0.996855,0.997685,0.99626,0.997685,-1,-1.0,-1
611,2021-02-23 17:00:00,0.997685,0.997725,0.99608,0.996515,-1,-1.0,-1
612,2021-02-23 18:00:00,0.996515,0.996795,0.99593,0.99606,-1,-1.0,-1
613,2021-02-23 19:00:00,0.99606,0.99728,0.995855,0.99713,-1,-1.0,-1
614,2021-02-23 20:00:00,0.99713,0.99749,0.99668,0.996895,-1,-1.0,-1
615,2021-02-23 21:00:00,0.996895,0.99693,0.99602,0.996125,-1,-1.0,-1
616,2021-02-23 22:00:00,0.996125,0.99708,0.996055,0.99664,-1,-1.0,-1
617,2021-02-23 23:00:00,0.99664,0.997135,0.995355,0.99637,-1,-1.0,-1
618,2021-02-24 00:00:00,0.99637,0.997145,0.996075,0.996425,-1,-1.0,-1
619,2021-02-24 01:00:00,0.996425,0.99681,0.996155,0.996525,-1,-1.0,-1
620,2021-02-24 02:00:00,0.996525,0.99698,0.99634,0.99695,-1,-1.0,-1
621,2021-02-24 03:00:00,0.99695,0.996975,0.99623,0.996255,-1,-1.0,-1
622,2021-02-24 04:00:00,0.996255,0.996495,0.99585,0.99619,-1,-1.0,-1
623,2021-02-24 05:00:00,0.99619,0.99626,0.995675,0.99594,-1,-1.0,-1
624,2021-02-24 06:15:00,0.996525,0.996725,0.995875,0.99618,-1,-1.0,-1
625,2021-02-24 07:00:00,0.99618,0.996545,0.995505,0.99589,-1,-1.0,-1
626,2021-02-24 08:00:00,0.99589,0.997075,0.995495,0.996885,-1,-1.0,-1
627,2021-02-24 09:00:00,0.996885,0.999085,0.996425,0.99799,-1,-1.0,-1
628,2021-02-24 10:00:00,0.99799,0.99817,0.99659,0.997525,-1,-1.0,-1
629,2021-02-24 11:00:00,0.997525,0.9976,0.99611,0.996185,-1,-1.0,-1
630,2021-02-24 12:00:00,0.996185,0.99622,0.99513,0.99539,-1,-1.0,-1
631,2021-02-24 13:00:00,0.99539,0.996195,0.995015,0.99584,-1,-1.0,-1
632,2021-02-24 14:00:00,0.99584,0.99623,0.995605,0.996,-1,-1.0,-1
633,2021-02-24 15:00:00,0.996,0.99647,0.995505,0.99594,-1,-1.0,-1
634,2021-02-24 16:00:00,0.99594,0.99647,0.995105,0.996075,-1,-1.0,-1
635,2021-02-24 17:00:00,0.996075,0.996165,0.995185,0.995245,-1,-1.0,-1
636,2021-02-24 18:00:00,0.995245,0.995585,0.994845,0.995285,-1,-1.0,-1
637,2021-02-24 19:00:00,0.995285,0.99602,0.99478,0.995665,-1,-1.0,-1
638,2021-02-24 20:00:00,0.995665,0.995895,0.99451,0.994655,-1,-1.0,-1
639,2021-02-24 21:00:00,0.994655,0.995435,0.99437,0.994915,-1,-1.0,-1
640,2021-02-24 22:00:00,0.994915,0.995455,0.994565,0.99467,-1,-1.0,-1
641,2021-02-24 23:00:00,0.99467,0.99504,0.993845,0.99497,-1,-1.0,-1
642,2021-02-25 00:00:00,0.99497,0.99531,0.994165,0.994715,-1,-1.0,-1
643,2021-02-25 01:00:00,0.994715,0.99574,0.99425,0.995315,-1,-1.0,-1
644,2021-02-25 02:00:00,0.995315,0.99584,0.994875,0.99521,-1,-1.0,-1
645,2021-02-25 03:00:00,0.99521,0.99583,0.99513,0.995245,-1,-1.0,-1
646,2021-02-25 04:00:00,0.995245,0.99714,0.995035,0.996495,-1,-1.0,-1
647,2021-02-25 05:00:00,0.996495,0.9974,0.99625,0.996975,-1,-1.0,-1
648,2021-02-25 06:15:00,0.996725,0.997275,0.99629,0.996805,-1,-1.0,-1
649,2021-02-25 07:00:00,0.996805,0.99813,0.996395,0.998045,-1,-1.0,-1
650,2021-02-25 08:00:00,0.998045,0.998045,0.99668,0.99702,-1,-1.0,-1
651,2021-02-25 09:00:00,0.99702,0.997175,0.996405,0.996425,-1,-1.0,-1
652,2021-02-25 10:00:00,0.996425,0.99655,0.995245,0.995275,-1,-1.0,-1
653,2021-02-25 11:00:00,0.995275,0.996065,0.99514,0.99579,-1,-1.0,-1
654,2021-02-25 12:00:00,0.99579,0.99681,0.99579,0.99607,-1,-1.0,-1
655,2021-02-25 13:00:00,0.99607,0.997415,0.996005,0.996715,-1,-1.0,-1
656,2021-02-25 14:00:00,0.996715,0.997255,0.996625,0.997055,-1,-1.0,-1
657,2021-02-25 15:00:00,0.997055,0.998215,0.996705,0.998115,-1,-1.0,-1
658,2021-02-25 16:00:00,0.998115,0.99917,0.99798,0.999045,-1,-1.0,-1
659,2021-02-25 17:00:00,0.999045,0.99936,0.99756,0.998675,-1,-1.0,-1
660,2021-02-25 18:00:00,0.998675,0.998725,0.997075,0.99843,-1,-1.0,-1
661,2021-02-25 19:00:00,0.99843,0.99876,0.99623,0.996265,-1,-1.0,-1
662,2021-02-25 20:00:00,0.996265,0.99722,0.995665,0.99644,-1,-1.0,-1
663,2021-02-25 21:00:00,0.99644,0.99667,0.995425,0.99606,-1,-1.0,-1
664,2021-02-25 22:00:00,0.99606,0.99694,0.99527,0.996295,-1,-1.0,-1
665,2021-02-25 23:00:00,0.996295,0.996485,0.994715,0.995985,-1,-1.0,-1
666,2021-02-26 00:00:00,0.995985,0.996675,0.994865,0.996315,-1,-1.0,-1
667,2021-02-26 01:00:00,0.996315,0.99632,0.993,0.99316,-1,-1.0,-1
668,2021-02-26 02:00:00,0.99316,0.99391,0.990625,0.992725,-1,-1.0,-1
669,2021-02-26 03:00:00,0.992725,0.994085,0.99235,0.994005,-1,-1.0,-1
670,2021-02-26 04:00:00,0.994005,0.994105,0.990805,0.991795,-1,-1.0,-1
671,2021-02-26 05:00:00,0.991795,0.993275,0.99169,0.992245,-1,-1.0,-1
672,2021-02-26 06:15:00,0.993125,0.99335,0.99218,0.99228,-1,-1.0,-1
673,2021-02-26 07:00:00,0.99228,0.993365,0.991775,0.9918,-1,-1.0,-1
674,2021-02-26 08:00:00,0.9918,0.992875,0.98947,0.99081,-1,-1.0,-1
675,2021-02-26 09:00:00,0.99081,0.991405,0.99022,0.990255,-1,-1.0,-1
676,2021-02-26 10:00:00,0.990255,0.990865,0.98987,0.98995,-1,-1.0,-1
677,2021-02-26 11:00:00,0.98995,0.99035,0.9893,0.98972,-1,-1.0,-1
678,2021-02-26 12:00:00,0.98972,0.990025,0.9869,0.988005,-1,-1.0,-1
679,2021-02-26 13:00:00,0.988005,0.988685,0.987755,0.98837,-1,-1.0,-1
680,2021-02-26 14:00:00,0.98837,0.98901,0.98747,0.98764,-1,-1.0,-1
681,2021-02-26 15:00:00,0.98764,0.98864,0.986205,0.98826,-1,-1.0,-1
682,2021-02-26 16:00:00,0.98826,0.988535,0.98733,0.987545,-1,-1.0,-1
683,2021-02-26 17:00:00,0.987545,0.98774,0.98532,0.98542,-1,-1.0,-1
684,2021-02-26 18:00:00,0.98542,0.985855,0.98225,0.98249,-1,-1.0,-1
685,2021-02-26 19:00:00,0.98249,0.984125,0.980535,0.98107,-1,-1.0,-1
686,2021-02-26 20:00:00,0.98107,0.983125,0.980335,0.98169,-1,-1.0,-1
687,2021-02-26 21:00:00,0.98169,0.983755,0.981265,0.983725,-1,-1.0,-1
688,2021-02-26 22:00:00,0.983725,0.98463,0.982435,0.982945,-1,-1.0,-1
689,2021-02-26 23:00:00,0.982945,0.984495,0.979335,0.980575,-1,-1.0,-1
690,2021-02-27 00:00:00,0.980575,0.981695,0.97907,0.98007,-1,-1.0,-1
691,2021-02-27 01:00:00,0.98007,0.98243,0.97985,0.98164,-1,-1.0,-1
692,2021-02-27 02:00:00,0.98164,0.98232,0.980375,0.98128,-1,-1.0,-1
693,2021-02-27 03:00:00,0.98128,0.981445,0.97948,0.97965,-1,-1.0,-1
694,2021-02-27 04:00:00,0.97965,0.980935,0.979065,0.97933,-1,-1.0,-1
695,2021-02-27 05:00:00,0.97933,0.98284,0.97891,0.981545,-1,-1.0,-1
696,2021-03-01 06:15:00,0.98195,0.98347,0.98114,0.983185,-1,-1.0,-1
697,2021-03-01 07:00:00,0.983185,0.985185,0.98237,0.984415,-1,-1.0,-1
698,2021-03-01 08:00:00,0.984415,0.98465,0.982985,0.983515,-1,-1.0,-1
699,2021-03-01 09:00:00,0.983515,0.986205,0.983415,0.98436,-1,-1.0,-1
700,2021-03-01 10:00:00,0.98436,0.9863,0.984335,0.985135,-1,-1.0,-1
701,2021-03-01 11:00:00,0.985135,0.985805,0.98481,0.985025,-1,-1.0,-1
702,2021-03-01 12:00:00,0.985025,0.98525,0.9837,0.98417,-1,-1.0,-1
703,2021-03-01 13:00:00,0.98417,0.985115,0.984115,0.984835,-1,-1.0,-1
704,2021-03-01 14:00:00,0.984835,0.985285,0.984305,0.98513,-1,-1.0,-1
705,2021-03-01 15:00:00,0.98513,0.985605,0.984145,0.984275,-1,-1.0,-1
706,2021-03-01 16:00:00,0.984275,0.98447,0.982805,0.98371,-1,-1.0,-1
707,2021-03-01 17:00:00,0.98371,0.98375,0.98186,0.981945,-1,-1.0,-1
708,2021-03-01 18:00:00,0.981945,0.982605,0.981225,0.98136,-1,-1.0,-1
709,2021-03-01 19:00:00,0.98136,0.98175,0.98054,0.98107,-1,-1.0,-1
710,2021-03-01 20:00:00,0.98107,0.981265,0.980915,0.98121,-1,-1.0,-1
